<?xml version="1.0" encoding="utf-8"?>
<books>
    <book>
        <name>A Semantic Web Primer</name>
        <writer>F. van Harmelen</writer>
        <year>2004</year>
    </book>
    <book>
        <name>Cambridge, MA: MIT Press</name>
        <writer>Antoniou G</writer>
        <year>2004</year>
    </book>
    <book>
        <name>The Semantic Web: A Guide to the Future of XML</name>
        <writer>Daconts, M.C.</writer>
        <year>2003</year>
    </book>
    <book>
        <name>Web Services</name>
        <writer>L.J. Orbst</writer>
        <year>2003</year>
    </book>
    <book>
        <name>Knowledge Management. New York wiley</name>
        <writer>K.T. Smith</writer>
        <year>2003</year>
    </book>
</books>