<?xml version="1.0"?>
<!DOCTYPE Partido SYSTEM "ejercicio5.dtd">
<Partido>
  <Equipo-casa>
    <goles cantidad="0">
      <minuto/>
      <normales/>
      <penalti/>
    </goles>
    <tarjetas cantidad="2">
        <rojas> </rojas>
        <amarillas> 2 </amarillas>
    </tarjetas>
  </Equipo-casa>

  <Equipo-visita>
    <goles cantidad="3">
      <minuto> 12:00
                25:24
                30:00
      </minuto>
      <normales> 2 </normales>
      <penalti> 1 </penalti>
    </goles>
    <tarjetas cantidad="1">
        <rojas/>
        <amarillas> 1 </amarillas>
    </tarjetas>
  </Equipo-visita>
</Partido>
