<?xml version="1.0" encoding="UTF-8"?>
  <teacher name="Juan Diego" surname="Pérez">
    <clase name="MarkUp Lenguaje">
      <student name="Eduardo" surname="Gómez" rate="10"></student>
      <student name="Manuel" surname="Morillo" rate="4"></student>
      <student name="David" surname="Saiz" rate="9"></student>
      <student name="Antonio" surname="Machado" rate="7"></student>
      <student name="Lorenzo" surname="Parra" rate="9"></student>
      <student name="Orson" surname="Scott" rate="10"></student>
      <student name="Patrick" surname="Rutffous" rate="8"></student>
      <student name="Kthove" surname="Noblood" rate="10"></student>
      <student name="Clive" surname="Barker" rate="7"></student>
      <student name="John" surname="Steimbeck" rate="4"></student>
      <student name="Orwell" surname="Ostfor" rate="5"></student>
    </clase>
    <clase name="Base Data">
      <student name="Eduardo" surname="Gómez" rate="9"></student>
      <student name="Manuel" surname="Morillo" rate="2"></student>
      <student name="David" surname="Saiz" rate="7"></student>
      <student name="Antonio" surname="Machado" rate="6"></student>
      <student name="Lorenzo" surname="Parra" rate="7"></student>
      <student name="Orson" surname="Scott" rate="8"></student>
      <student name="Patrick" surname="Rutffous" rate="5"></student>
      <student name="Kthove" surname="Noblood" rate="10"></student>
      <student name="Clive" surname="Barker" rate="6"></student>
      <student name="John" surname="Steimbeck" rate="3"></student>
      <student name="Orwell" surname="Ostfor" rate="5"></student>
    </clase>
  </teacher>
