<?xml version="1.0" encoding="UTF-8"?>
  <bus>
    <route name="Ruta 1">
      <schedule name="Schedule">
          <schedule>9:00 - 9:45</schedule>
          <schedule>10:00 - 10:45</schedule>
          <schedule>11:00 - 11:45</schedule>
          <schedule>12:00 - 12:45</schedule>
      </schedule>

      <stops name="Stops">
          <stop name="Amate"></stop>
          <stop name="1 de mayo"></stop>
          <stop name="Gran plaza"></stop>
          <stop name="Nervión"></stop>
          <stop name="San Bernardo"></stop>
          <stop name="Plaza de cuba"></stop>
          <stop name="Los principes"></stop>
      </stops>
    </route>
  </bus>
