<?xml version="1.0" encoding="UTF-8"?>
  <cookbook name="Cocina nivel: facil">
    <recipe name="Bocaditos de hojaldre al pesto con queso de cabra y tomate seco">

          <ingredientes name="Ingredientes para 8 personas">
              Una plancha de hojaldre regrigerado
              2 cucharadas soperas de pesto de albahaca
              2 tomates secos, queso de cabra
              pimentón agridulce
          </ingredientes>

          <metodo name="como hacerlo">
              Comenzaremos estirando la plancha de hojaldre y cortando las estrellas con un cortapastas,
              aprovechando los recortes para hacer más cantidad. Una vez cortadas, untamos ocho piezas con la salsa pesto,
              cubriéndolas con otras ocho sin untar para formar ocho piezas dobles.
              Aparte, nos hacen falta otras ocho piezas sencillas.
          </metodo>
    </recipe>
    <recipe name="Sandwich simple, 1 persona">

          <ingredientes name="Ingrediente">
              2 rebanadas de pan bimbo
              1 loncha de queso
              Varias lonchas jamon york
          </ingredientes>

          <metodo name="como hacerlo">
              Pones el queso y el jamon york entre las rebanadas de pan bimbo.
              Lo pones en la tostadora.
              Una vez acabe estará listo para comer.
          </metodo>
    </recipe>
  </cookbook>
